Név;2026-01-30
BLI 1000;2
T 1;0
RZ 1/B;0
SLIDE KIT/FORCE F/CRV4;0
FORCE 3000 SÍN;0
SLIDE KIT/FORCE/CRV4;7
RZ 1/J;0
RZ 2;0
KIT TERRIER;4
BLINDO;8
BLUES 3;4
CB 24;5
EDGE OC/2;255
KIT SLI 324;1
PASSO R;0
RAP 4;1
RSQ 449 OC/2;62
SLI 324;1
STICKERS;4
T 10;0
T 124/SS;0
T 400;1
TRS 435/2;13
VEDO 180;556
CH 161M16;52
CH 166M;11
CH 300-60;0
CH 300-Y60;1
CH 300-Y80;1
RC 2;121
SLIDE KIT/EDGE;47
SOM TOT/400;0
STAR;135
BDJ VEZÉRLÉS;0
C48;3
C48 KIT;3
KANO 1/A;0
KANO 21/48;4
KANO 24P;0
COM 110 20;12
COM 402 140;0
S 300 SX;28
SR 600;47
FORCE 500 DC;0
FORCE WIFI;30
ICON;183
SNAP 3/4;2
OC RELÉ/2;85
FORCE RB3;0
ICON W;12
HERO;158
SLIDE KIT/EDGE/CRV4;47
BD LOCK;156
SWING 300/FORCE F;0
ULTIMATE 600/SPEED;0
ULTIMATE 1000/SPEED;0
ICON X;9
T 21 B;0
FORCE 800 DC;1
SWING 400/FORCE F;0
FORCE FL;0
ULTIMATE 600/SPEED PRO;7
DOMOPARK V;0
KIT ULTIMATE 600/SP;0
LAMP TER;6
SWING 600/FORCE F;0
SL 524;4
FORCE 4;15
ACE 601;2
BLUES 5;1
DOMOPARK;1
EDGE 2;1015
EDGE RB2;17
EL SRE;4
EVO 600;39
FT 201 SINCRO;6
KIT BLI 1000;1
LPX LAMP;5
PASSO;0
PRG 230/M2;3
RAPPER 4T;2
RSQ 504 OC/2;487
T 101/SS;16
TRS 435/4;6
CH 161M18;18
CRV4;732
IC 6200/1;42
RC2 MAX;40
STAR BOX;44
WF/BT CONTROLL;5
C60;3
C60 KIT;2
KANO 21/60;5
KANO 24M;2
KANO 48;10
COM 115 20;10
COM 420 140;38
S 300 DX;32
FORCE FS 1500;0
KIT ULTIMATE 1000/SP;0
TX TER;46
VEDO 180 PRO;2
SLIDE KIT/449/CRV4;5
SWING 300/FORCE;7
DOMOPARK S;0
SLIDE KIT/504/CRV4;21
CDR 861;6
S 400 SX;55
SWING 400/FORCE;7
CDR 999;24
S 400 DX;55
RSQ 508 OC/2;8
SWING 600/FORCE;7
CDR 851;3
CDR REFLEX;54
S 600 SX;27
S 600 DX;29
S 300F SX;0
ACE 801;0
CC824EINTCB;1
EDGE 4;255
EDGE R4;2
EL REF3;0
EVO 800;6
KIT EVO 600;39
LPX LAMP/OR;4
RSQ 504/2;4
SNAPPER 3;2
SSB T9K4;5
STEALTH;0
T 600;35
TXQ 449/1;0
CH 161M20;41
CH 300-Y100;0
CRV6;339
KIT MULTI DRIVE PRO 1000;2
MULTI COLOR;289
STAR OC/2;135
WF/BT PRO;0
C60/F5 KIT;0
C65;2
KANO 2/A;4
KANO 21/65;5
COM 165 80;49
COM 194 30;15
COM 220;18
COM 490 140;0
COM 4C P;2
S 300F DX;0
SC 100;0
CDRX 12;15
KIT STEALTH/504;0
STEALTH/VEZ;0
COM 105 20;0
S 400F SX;0
NO TOUCH;0
S 400F DX;0
SRC;5
S 600F SX;0
SAFE KIT CDR/868;2
S 600F DX;0
NOIRE 2;0
RMS 435/2;9
TAG SX;24
COM 215 50;5
TAG DX;20
BLADE 3;17
RQM 504/BD2;10
BLADE 3/24;14
BLADE 5;7
RQM 508/BD2;1
BL TOW 24;1
BLADE 5/24;6
EDGE 230/R4;1
EL UMS1;4
EVO 1200;20
KIT ACE 601/24;2
KIT EVO 600/CRV4;39
LPX LAMP/WH;11
NC L16;2
NOIRE 4;8
RQM 449/2;3
SNAP 5/6;2
SNAPPER 4;2
SSB 504;3
SUN POWER;0
T 624;38
TXQ 449/2;11
ZEN GC/1;1
CH 161M24;0
CH 86 P;0
CRS6;71
KIT MULTI DRIVE PRO 1800;3
SOLO 2;1
STAR BOX OC/2;44
SWING 300/EDGE;28
C65 KIT;2
C65/H;2
KANO 2/F;0
KANO 21/75;3
COM 170;13
COM 213;12
COM 310 80;1
COM 4C M;0
SLX 624;2
INTPRG-WF;1
KIT EVO 600/449/CRV4;16
SSB 508;3
KIT EVO 600/504/CRV4;39
NC L20;2
CH 155M20;4
NC L25;2
FM 402;11
RQM 486/2;5
SME;1
CH 130M16;2
NC L30;2
SNAPPER 5;2
BSH 61 L16;2
BSH 61 L20;2
CH 130M20;4
BSH 61 L25;2
APRO;11
BL TOW 24/VEZ;1
CC242EXTOPCB;2
EL UFS1;4
ELDOM 3/4/5;2
EVO 2000;1
FM 404;6
K-ROCK2HL;4
KIT EVO 800;6
KIT TOW 24;1
NOIRE OC2;5
RQM 504/2;16
SLX 824;2
SNAPPER 6;2
TXQ 449/4;32
CH 140 M16;0
CH 162 M20;0
CH 87 P;0
CRM12;334
HANDY;3
REMOOTIO 3.0;3
SWING 400/EDGE;44
C65/F5 KIT;2
KANO 11/5;6
COM 169;0
COM 300V 80;0
COM 347 M;1
KIT EVO 800/449;5
KIT EVO 800/504;6
RQM 508/2;9
CC242EFAMCB;1
CK 200;2
EL 420;5
ELDOM 6/7/8;1
KIT EVO 1200;20
KIT SL 524;4
NOIRE RB2;2
SLX 1524;3
TXQ 486/2;8
CH 155M24;7
GSM MULTI ONE;5
SWING 600/EDGE;27
C65/8 KIT;2
KANO 11/5/F;4
COM 163 M18;3
COM 171;12
KIT EVO 1200/449;5
SWING 300/449;5
KIT RAP 4;1
KIT EVO 1200/504;20
SWING 400/449;5
SWING 600/449;5
SWING 300/504;21
MOLLIGHT 4X;10
SWING 400/504;21
SWING 600/504;21
SWING 300/T600;21
SWING 400/T600;21
SWING 600/T600;21
EL 601;3
ELV;4
FM OC/2;0
KIT BL 3924;1
KIT SLX 824;2
KIT TAG;20
MORPH 433/RM;4
SLX 3024;4
SNR SNAP;0
TXQ 486/4;8
GSM MULTI ONE KIT;1000
C65/F8 KIT;2
KANO 6;0
COM 120 M18;0
COM 168;3
COM 300V 100;2
COM 315 100;2
COM 347 G;0
KIT SNAP 3;2
DOM 3 AS;0
GSM EASY;0
DOM 3;3
RPQ 449ITO;2
DRACO;2
FM 400 RB2;1
KEY CARD;249
KIT SLX 1524;3
POS 110;3
RPQ 504ITO;4
TXQ 504/2;42
CH 200;9
CH 325-60;0
RELÉ 2 OC/2;85
C65/H KIT;2
KANO 22/48;4
KANO 6/F;0
COM 86 P;4
KIT SNAP 4;2
FM 400 R4;4
RPQ 508ITO;4
BLEGOS;3
CARD;78
DOM 4;2
DRACO 2;1
FIX RAP4;4
KIT SLX 3024;4
RCQ 449ND;2
TXQ 504/4;485
CH 325-80;0
CH 325-Y60;0
GSM PRO CON CLOUD;0
C65/H/F5 KIT;2
KANO 11/8;4
KANO 22/60;4
COM 94 S;7
KIT SNAP 5;2
RCQ 504ND1;3
BLESOL;2
DOM 5;2
FIX SNAP;2
RCQ 508ND1;1
SEL 50;8
TXQ 504/8;18
C65/H/8 KIT;2
KANO 11/8/F;4
KANO 22/65;5
COM 327 80;0
KIT SNAP 6;2
ANT 433;59
ANS 400;3
BASEDOM 3/4/5;2
DKS TPT;1
DOM 6;2
RCQ 433//WF;1
SEL 120;3
TXQ 504 BD2;21
CH 202;2
C65/H/F8 KIT;2
KANO 22/75;3
KANO 75/5;10
KIT ELDOM 3;2
BASEDOM 6/7/8;2
KIT BLADE EASY;8
KIT BLADE;8
KIT BLADE/24;7
DKS DUAL;6
DOM 7;2
KIT BLEGOS;1
LED SNAPPER 3;4
SEL 120/D;4
TXQ 504 BD4;8
CH 332-80;7
C75 KIT;2
KANO 75/5/F;2
COM 155 M24;1
COM 325V 80;1
KIT ELDOM 4;2
DKS DUALT;2
DOM 8;2
LED SNAPPER 4;2
TXQ 508/2;12
CH 332-Y80;0
C75/F5 KIT;1
KANO 75/8;2
COM 332 80;2
KIT ELDOM 5;2
LED SNAPPER 5;2
LED SNAPPER 6;2
PROXI;139
TXQ 508/4;9
CH 332-Y100;8
C75/8 KIT;1
KANO 75/8/F;0
COM 346 G;0
KIT ELDOM 6;1
LED DOM 3;2
TXQ 508/8;9
C75/F8 KIT;0
KANO 23/40;6
CA 9999/M;0
KIT ELDOM 7;1
LED DOM 4;2
TXQ 508 BD2;10
C75/H KIT;3
KANO 23/60;7
COM 332 120;1
KIT ELDOM 8;1
LED DOM 5;2
TXQ 508 BD4;5
C75/H/F5 KIT;1
COM 334 100;6
LED DOM 6;2
MORPH 433/T2;2
C75/H/8 KIT;1
COM 333V 100;11
LED DOM 7;2
MORPH 433/T4;4
CH 337-Y80;0
C75/H/F8 KIT;0
COM 184 M18;1
LED DOM 8;2
MORPH 433T4/A;4
CH 337-Y90;0
COM 90 B;3
DOM SP-YE;4
TXQ PRO 449/4;1
CH 337-Y100;0
DOM SP-GR;2
TXQ PRO 449/4A;0
COM 337 100;1
DOM SP-RE;6
DOM SP-WH;2
DOM SP-BR;6
DOM SP-BL;4
CH 190;0
COM 190 30;0
DOM SP-2OR;1
COM 338 100;1
COM 336V 100;1
CH 230/25;29
CH 230/31;7
CH 230/40;10
COM 245 35;20
CH 240;5
CH 247;6
COM 247;0
COM 255-350;0
ACC HL 360;1
ACC HLXCORE 360;0
ACE 601 VEZ;1
ANQ 800;12
BL 3924;1
BL 3924 ARM;2
BL 3924 DRM;0
BL 3924/VEZ;1
BLTS24DRM;0
CARDIN CARD;50
CDR RED;1
COVERMIX 200;31
COVERMIX 400;10
COVERMIX 5002;14
COVERMIX 5004;14
CRL 170E;0
CRL 360 DE;0
DKS 1000;1
DKS 1000T;1
DKS TPM;1
DKSTPMT;2
EDGE 2 ELÕLAP;550
EDGE 2 TOK;130
EDGE 4 ELÕLAP;196
EDGE 4 TOK;130
EDGE GUMIFÜL;368
EDGE HÁTLAP;130
EL SRA;0
EL SRS;1
HL BOX/C;9
HL BOX/I;0
HLXCORE 230;9
HOT;4
INTPRG-4G10;0
KABEL;4
KBNIMH 1;4
KBNIMH D;1
KIT BLESTEVO;4
KIT HL XCORE 230;3
KIT HL XCORE 24;0
KIT S504;16
KIT S504BD;10
KIT SLX 624;2
KULCS BLADE;10
KULCS TELCOMA;8
MCC 449 R1;0
MCC MORPH HM1;4
MEM 16;0
METALDEC 230;4
MOD BT;6
MOD BT TELCOMA;1
MOD CA;4
MOLLIGHT 4;3
MORPH KEY/CB;4
PAF;1
PASSO TS;0
PG BASE/500;1
POS 110/D;10
POS 50;5
PTE;0
RCQ 433/4G;0
RCQ 868/4G;0
RPQ 504/T10;1
RPQ 508/T10;0
RVS;2
SAFE CDR8;0
SBL HL;0
SEL FIX;2
SELINT BT8;0
SL524VEZ.999471;1
SLX 1524-3024 VEZ;0
SLX 824 VEZ;1
SNAP4 RSN24;2
SRA;0
SRC RX;5
SRC TX;5
STRIP LED 5;0
SUN POWER PLUS;0
TRQ 738/2;2
TS 20;1
TS 30;1
TS 40;1
TS 60;2
TX WALL 500 MFB;1
TX WALL 500 MFL;1
TXEDGE 2 TOK;10
TXEDGE 4 TOK;10
TXQ 449/2 TOK;15
TXQ 449/4 TOK;15
TXQ PRO 508/4;0
UNICO500MF;2
YPR124SCL00;0
Z124;0
ZRA 3;0
ZRL 7;2
CH 230/35;0
CH 255;3
CH 337-100 D20;0
CR2016;7
CR2032;14
CR2430;11
GP23AE;2
GP27A;8
GSM AC/DC ADAPT;0
GSM AC/DC PANEL;0
GSM AKKU;0
GSM PRO BOX;0
GSM PS230;0
GSM USB KIT;0
GW 44207;44
KIT FS 1500;0
KONDI 10UF;0
KONDI 12UF;9
KONDI 14UF;0
KONDI 16UF;0
KONDI 20UF;0
KONDI 8UF;12
PADAVAN;3
RC 2 WIFI;0
REMOOTIO CM;0
REMOOTIO CM 2.0;4
REMOOTIO DB;5
REMOOTIO INSIDE;0
SOM AUT 400/30;0
SOM AUT 400/40;0
SOM OPTO;0
TECHNOLOGATE SW KIT;2
TX WIFI;21
C48 6M;0
C75;2
C75 1M;0
C75/H;3
KANO 11/6;0
KANO 11/6/F;0
KANO A/TALP;4
KANO A/TALP/75;2
KANO B/TALP;1
KANO B/TALP/75;0
KANO F/TALP;0
KANO F/TALP/75;2
KANO H/TALP;0
KANO H/TALP/75;0
CA 100/100;12
CA 100/120;14
CA 100/140;1
CA 100/80;22
CA 262/100;12
CA 262/150;16
CA 340/100;7
CA 340/40;0
CA 340/60;33
CA 340/80;0
CA 345/P;5
CA 346/P;6
CA 370 Z/P;4
CA 375/16;24
CA 375/18;36
CA 375/20;26
CA 376/16;26
CA 376/18;0
CA 376/20;32
CA 377/16;6
CA 380 F/G;18
CA 396/G;0
CA 396/M;0
CA 397/G;0
CA 397/M;0
CA 399/M6;0
CA 399Z/G6;0
CA 399Z/M6;0
CA 400/100;12
CA 400/60;19
CA 400/80;12
CA 400/80/20;6
CA 401/100;12
CA 401/120;0
CA 401/60;14
CA 401/80;20
CA 410/100;7
CA 410/60;16
CA 410/80;18
CA 410/80/20;14
CA 411/100;6
CA 411/60;32
CA 411/80;15
CA 415/100;10
CA 415/60;24
CA 415/80;15
CA 416/100;6
CA 416/60;22
CA 416/80;18
CA 425/100;6
CA 425/100/20;0
CA 425/60;26
CA 425/80;11
CA 425/80/20;0
CA 426/100;8
CA 426/60;19
CA 426/80;17
CA 448/35X30;22
CA 461;0
CA 462/G;1
CA 471.G;0
CA 472/60;4
CA 752/M;13
CA 754/M;10
CA 813;0
CA 850/18;6
CA 902/16X3;0
CA 902/20X3;0
CA 904/16X3;7
CA 906/3;15
CA 920/M;0
CA 9999/G;0
ALBATROS-100-G;0
ALBATROS-100-P;0
COM 290;10
COM 291;8
COM 295;6
COM 297;6
COM 2C M;0
COM 32-34;8
COM 345 P/A;0
COM 35G;0
COM CG-40;0
COM CGA 347P;0
COM RS-100F;2
RANGER2-100-50;0
RANGER3-120-50;0
KULCS GR;30
COM 338 200;0
BL GRIFFE;10
BL GRIFFE VEZ;11
HLXCORE 24;1
KBNIMH-T1;1
KIT BL GRIFFE;10
KULCS 1401;22
KULCS BLUES;13
CA 752/P;8
FORCE 3300 SÍN;0
FORCE 3800 SÍN;6
FORCE 4F;131
FORCE 500 AC;0
FORCE 800 AC;0
FORCE BASE 70;9
FORCE BATTERY BB1;25
FORCE CABLE 8M;2
FORCE F-RV;0
FORCE FC 120;10
FORCE FS SÍN;0
FORCE KÖZÉPSÕ ADAPTER;1
FORCE PC;0
FORCE PC REFLEX;0
FORCE RB4 WP;6
FORCE RC;9
FORCE SD PROTECTION;5
FORCE SÍN ADAPTER;2
FOTO TER;5
KIT ULTIMATE 600/SP PRO;0
MULTI DRIVE PRO 1000N;2
MULTI DRIVE PRO 1800N;3
PC 190U;4
TERRIER DX;5
TERRIER SX;5
FORCE F-BOX;3
FORCE F-CAM;2
FORCE SE-TX;6
FORCE STOP BUTTON;9
FORCE W E-LOCK;10
FORCE W-OSE;6
FORCE W-OSE KIT;6
FORCE W-PC;2
FORCE W-TS;1
FORCE W-TX;6
